geomid,naics,workers
3304557005001,Art/Culture,669
3304557005001,Business Support,3023
3304557005001,Construction,2758
3304557005001,Corporate,297
3304557005001,Education,2228
3304557005001,Energy,760
3304557005001,Financial,2096
3304557005001,Health,379
3304557005001,Hospitality,795
3304557005001,Information,5256
3304557005001,Manufacturing,2347
3304557005001,Professional Service,1374
3304557005001,Public Administration,1404
3304557005001,Real Estate,32
3304557005001,Retail,4249
3304557005001,Transportation,7186
3304557005001,Wholesale,1794
3304557005002,Art/Culture,1323
3304557005002,Business Support,1185
3304557005002,Construction,383
3304557005002,Corporate,30
3304557005002,Education,3130
3304557005002,Financial,173
3304557005002,Health,4703
3304557005002,Hospitality,554
3304557005002,Information,841
3304557005002,Manufacturing,9
3304557005002,Professional Service,154
3304557005002,Public Administration,2315
3304557005002,Real Estate,13
3304557005002,Retail,2242
3304557005002,Transportation,183
3304557005003,Art/Culture,53
3304557005003,Business Support,354
3304557005003,Construction,757
3304557005003,Education,1138
3304557005003,Health,428
3304557005003,Hospitality,288
3304557005003,Manufacturing,6
3304557005003,Professional Service,30
3304557005003,Public Administration,38
3304557005003,Retail,216
3304557005003,Transportation,14
3304557005003,Wholesale,7
3304557005004,Art/Culture,20
3304557005004,Business Support,1016
3304557005004,Construction,370
3304557005004,Education,229
3304557005004,Health,72
3304557005004,Hospitality,45
3304557005004,Information,30
3304557005004,Manufacturing,314
3304557005004,Professional Service,127
3304557005004,Retail,841
3304557005004,Transportation,162
3304557005004,Wholesale,67
3304557005005,Construction,130
3304557005005,Education,158
3304557005005,Hospitality,34
3304557005005,Information,9
3304557005005,Manufacturing,123
3304557005005,Professional Service,19
3304557005005,Retail,258
3304557005005,Transportation,1326
3304557005005,Wholesale,23
3304557005006,Art/Culture,50
3304557005006,Business Support,207
3304557005006,Construction,319
3304557005006,Education,81
3304557005006,Health,30
3304557005006,Information,41
3304557005006,Manufacturing,112
3304557005006,Retail,864
3304557005006,Transportation,75
3304557005006,Wholesale,44
3304557005007,Art/Culture,13
3304557005007,Business Support,172
3304557005007,Construction,100
3304557005007,Education,287
3304557005007,Health,26
3304557005007,Hospitality,59
3304557005007,Information,11
3304557005007,Manufacturing,67
3304557005007,Professional Service,13
3304557005007,Retail,963
3304557005007,Wholesale,64
3304557005008,Art/Culture,46
3304557005008,Business Support,837
3304557005008,Construction,608
3304557005008,Education,224
3304557005008,Financial,1378
3304557005008,Health,167
3304557005008,Hospitality,102
3304557005008,Information,55
3304557005008,Manufacturing,59
3304557005008,Professional Service,378
3304557005008,Real Estate,20
3304557005008,Retail,750
3304557005008,Transportation,1773
3304557005008,Wholesale,249
3304557005009,Business Support,70
3304557005009,Construction,77
3304557005009,Education,178
3304557005009,Energy,85
3304557005009,Hospitality,120
3304557005009,Manufacturing,175
3304557005009,Professional Service,6
3304557005009,Retail,4248
3304557005009,Transportation,141
3304557005009,Wholesale,764
3304557005010,Business Support,343
3304557005010,Construction,36
3304557005010,Education,405
3304557005010,Financial,7
3304557005010,Health,64
3304557005010,Hospitality,329
3304557005010,Information,9
3304557005010,Manufacturing,570
3304557005010,Professional Service,9
3304557005010,Real Estate,12
3304557005010,Retail,559
3304557005010,Transportation,9
3304557005010,Wholesale,378
3304557005011,Art/Culture,14
3304557005011,Business Support,120
3304557005011,Construction,43
3304557005011,Education,217
3304557005011,Health,7
3304557005011,Hospitality,8
3304557005011,Manufacturing,458
3304557005011,Professional Service,7
3304557005011,Retail,316
3304557005011,Transportation,31
3304557005011,Wholesale,106
3304557005012,Business Support,45
3304557005012,Construction,73
3304557005012,Education,71
3304557005012,Financial,22
3304557005012,Hospitality,67
3304557005012,Manufacturing,2916
3304557005012,Retail,458
3304557005012,Transportation,157
3304557005012,Wholesale,15
3304557005013,Art/Culture,7
3304557005013,Business Support,1463
3304557005013,Construction,76
3304557005013,Education,350
3304557005013,Financial,45
3304557005013,Health,56
3304557005013,Hospitality,69
3304557005013,Information,29
3304557005013,Manufacturing,792
3304557005013,Professional Service,133
3304557005013,Retail,1311
3304557005013,Professional Service,12
3304557005013,Transportation,396
3304557005013,Wholesale,78
3304557005014,Business Support,220
3304557005014,Construction,897
3304557005014,Corporate,79
3304557005014,Education,542
3304557005014,Financial,293
3304557005014,Health,1813
3304557005014,Hospitality,297
3304557005014,Information,27
3304557005014,Manufacturing,268
3304557005014,Professional Service,99
3304557005014,Retail,3375
3304557005014,Transportation,337
3304557005014,Wholesale,403
3304557005015,Business Support,269
3304557005015,Construction,341
3304557005015,Education,38
3304557005015,Hospitality,16
3304557005015,Information,9
3304557005015,Manufacturing,237
3304557005015,Professional Service,22
3304557005015,Public Administration,108
3304557005015,Retail,220
3304557005015,Transportation,62
3304557005016,Art/Culture,15
3304557005016,Business Support,125
3304557005016,Construction,590
3304557005016,Education,658
3304557005016,Financial,119
3304557005016,Health,181
3304557005016,Hospitality,248
3304557005016,Information,10
3304557005016,Manufacturing,344
3304557005016,Professional Service,22
3304557005016,Retail,1183
3304557005016,Transportation,403
3304557005016,Wholesale,72
3304557005017,Business Support,70
3304557005017,Construction,254
3304557005017,Education,275
3304557005017,Hospitality,430
3304557005017,Information,107
3304557005017,Manufacturing,1098
3304557005017,Professional Service,29
3304557005017,Retail,618
3304557005017,Transportation,280
3304557005017,Wholesale,23
3304557005018,Art/Culture,94
3304557005018,Business Support,365
3304557005018,Construction,182
3304557005018,Education,1635
3304557005018,Financial,48
3304557005018,Health,206
3304557005018,Hospitality,44
3304557005018,Information,280
3304557005018,Manufacturing,135
3304557005018,Professional Service,66
3304557005018,Retail,662
3304557005018,Transportation,182
3304557005018,Wholesale,145
3304557005019,Art/Culture,15
3304557005019,Business Support,509
3304557005019,Construction,68
3304557005019,Education,470
3304557005019,Health,65
3304557005019,Hospitality,280
3304557005019,Information,76
3304557005019,Manufacturing,35
3304557005019,Professional Service,23
3304557005019,Retail,639
3304557005019,Transportation,29
3304557005019,Wholesale,57
3304557005020,Business Support,105
3304557005020,Construction,72
3304557005020,Education,353
3304557005020,Financial,23
3304557005020,Health,7
3304557005020,Information,69
3304557005020,Professional Service,14
3304557005020,Retail,142
3304557005020,Wholesale,123
3304557005021,Art/Culture,16
3304557005021,Business Support,606
3304557005021,Construction,270
3304557005021,Education,492
3304557005021,Health,27
3304557005021,Hospitality,358
3304557005021,Manufacturing,311
3304557005021,Professional Service,17
3304557005021,Retail,1252
3304557005021,Professional Service,294
3304557005021,Transportation,819
3304557005021,Wholesale,56
3304557005022,Art/Culture,14
3304557005022,Business Support,410
3304557005022,Construction,359
3304557005022,Education,134
3304557005022,Health,30
3304557005022,Hospitality,39
3304557005022,Information,225
3304557005022,Manufacturing,197
3304557005022,Professional Service,7
3304557005022,Retail,596
3304557005022,Transportation,778
3304557005022,Wholesale,383
3304557005023,Art/Culture,53
3304557005023,Business Support,383
3304557005023,Construction,108
3304557005023,Education,288
3304557005023,Health,65
3304557005023,Hospitality,124
3304557005023,Information,59
3304557005023,Manufacturing,272
3304557005023,Retail,1273
3304557005023,Transportation,127
3304557005023,Wholesale,28
3304557005024,Art/Culture,123
3304557005024,Business Support,1884
3304557005024,Construction,597
3304557005024,Corporate,119
3304557005024,Education,1095
3304557005024,Financial,73
3304557005024,Health,364
3304557005024,Hospitality,328
3304557005024,Information,168
3304557005024,Manufacturing,683
3304557005024,Professional Service,317
3304557005024,Real Estate,12
3304557005024,Retail,1513
3304557005024,Transportation,426
3304557005024,Wholesale,235
3304557005026,Art/Culture,42
3304557005026,Business Support,15
3304557005026,Education,136
3304557005026,Financial,6
3304557005026,Health,122
3304557005026,Hospitality,198
3304557005026,Information,16
3304557005026,Retail,279
3304557005026,Wholesale,19
3304557005027,Business Support,134
3304557005027,Construction,31
3304557005027,Hospitality,75
3304557005027,Information,101
3304557005027,Manufacturing,928
3304557005027,Professional Service,9
3304557005027,Retail,405
3304557005027,Transportation,60
3304557005027,Wholesale,108
3304557005028,Business Support,140
3304557005028,Construction,22
3304557005028,Education,23
3304557005028,Health,15
3304557005028,Hospitality,245
3304557005028,Information,202
3304557005028,Manufacturing,575
3304557005028,Professional Service,65
3304557005028,Retail,623
3304557005028,Transportation,210
3304557005028,Wholesale,313
3304557005029,Art/Culture,7
3304557005029,Business Support,13
3304557005029,Construction,78
3304557005029,Education,50
3304557005029,Manufacturing,90
3304557005029,Retail,90
3304557005029,Transportation,55
3304557005029,Wholesale,15
3304557005030,Art/Culture,351
3304557005030,Business Support,1938
3304557005030,Construction,307
3304557005030,Corporate,26
3304557005030,Education,660
3304557005030,Energy,1491
3304557005030,Financial,618
3304557005030,Health,1499
3304557005030,Hospitality,2766
3304557005030,Information,1770
3304557005030,Manufacturing,62
3304557005030,Professional Service,788
3304557005030,Public Administration,1488
3304557005030,Real Estate,300
3304557005030,Retail,3121
3304557005030,Transportation,336
3304557005030,Wholesale,82
3304557005031,Education,93
3304557005031,Health,20
3304557005031,Hospitality,159
3304557005031,Retail,338
3304557005031,Transportation,7
3304557005031,Wholesale,24
3304557005032,Art/Culture,28
3304557005032,Construction,7
3304557005032,Education,47
3304557005032,Hospitality,13
3304557005032,Manufacturing,29
3304557005032,Professional Service,7
3304557005032,Real Estate,8
3304557005032,Retail,539
3304557005032,Transportation,31
3304557005033,Construction,40
3304557005033,Education,17
3304557005033,Information,7
3304557005033,Retail,193
3304557005033,Transportation,1922
3304557005033,Wholesale,36
3304557005034,Art/Culture,85
3304557005034,Business Support,629
3304557005034,Construction,353
3304557005034,Education,363
3304557005034,Financial,327
3304557005034,Health,29
3304557005034,Hospitality,268
3304557005034,Information,553
3304557005034,Manufacturing,586
3304557005034,Professional Service,102
3304557005034,Retail,2574
3304557005034,Transportation,1265
3304557005034,Wholesale,660
3304557005035,Art/Culture,1861
3304557005035,Business Support,4290
3304557005035,Construction,2838
3304557005035,Corporate,222
3304557005035,Education,2124
3304557005035,Energy,775
3304557005035,Financial,1924
3304557005035,Health,1215
3304557005035,Hospitality,3805
3304557005035,Information,1818
3304557005035,Manufacturing,920
3304557005035,Professional Service,1362
3304557005035,Public Administration,1429
3304557005035,Real Estate,172
3304557005035,Retail,3231
3304557005035,Professional Service,694
3304557005035,Transportation,1502
3304557005035,Wholesale,843
3304557005036,Art/Culture,258
3304557005036,Business Support,652
3304557005036,Construction,69
3304557005036,Corporate,15
3304557005036,Education,1308
3304557005036,Energy,57
3304557005036,Financial,669
3304557005036,Health,1746
3304557005036,Hospitality,1247
3304557005036,Information,1391
3304557005036,Manufacturing,94
3304557005036,Professional Service,809
3304557005036,Public Administration,66
3304557005036,Real Estate,32
3304557005036,Retail,1133
3304557005036,Transportation,116
3304557005036,Wholesale,51
3304557005037,Art/Culture,227
3304557005037,Business Support,1989
3304557005037,Construction,1128
3304557005037,Corporate,138
3304557005037,Education,3122
3304557005037,Energy,212
3304557005037,Financial,2280
3304557005037,Health,5709
3304557005037,Hospitality,2489
3304557005037,Information,1847
3304557005037,Manufacturing,166
3304557005037,Professional Service,999
3304557005037,Real Estate,7
3304557005037,Retail,5498
3304557005037,Professional Service,53
3304557005037,Transportation,895
3304557005037,Wholesale,149
3304557005038,Art/Culture,150
3304557005038,Business Support,995
3304557005038,Construction,98
3304557005038,Corporate,34
3304557005038,Education,3897
3304557005038,Financial,793
3304557005038,Health,1399
3304557005038,Hospitality,741
3304557005038,Information,201
3304557005038,Manufacturing,38
3304557005038,Professional Service,70
3304557005038,Public Administration,205
3304557005038,Real Estate,6
3304557005038,Retail,1567
3304557005038,Transportation,74
3304557005038,Wholesale,65
3304557005039,Art/Culture,220
3304557005039,Business Support,3472
3304557005039,Construction,142
3304557005039,Corporate,1310
3304557005039,Education,5312
3304557005039,Energy,2936
3304557005039,Financial,2493
3304557005039,Health,1913
3304557005039,Hospitality,1176
3304557005039,Information,4075
3304557005039,Manufacturing,139
3304557005039,Professional Service,1170
3304557005039,Public Administration,384
3304557005039,Real Estate,14
3304557005039,Retail,1591
3304557005039,Professional Service,51
3304557005039,Transportation,1696
3304557005039,Wholesale,769
3304557005040,Art/Culture,72
3304557005040,Business Support,656
3304557005040,Construction,42
3304557005040,Corporate,17
3304557005040,Education,34
3304557005040,Financial,44
3304557005040,Hospitality,2140
3304557005040,Information,810
3304557005040,Manufacturing,61
3304557005040,Professional Service,8
3304557005040,Retail,717
3304557005040,Transportation,121
3304557005041,Art/Culture,394
3304557005041,Business Support,2153
3304557005041,Construction,234
3304557005041,Corporate,48
3304557005041,Education,432
3304557005041,Energy,376
3304557005041,Financial,757
3304557005041,Health,933
3304557005041,Hospitality,8365
3304557005041,Information,174
3304557005041,Manufacturing,394
3304557005041,Professional Service,407
3304557005041,Public Administration,337
3304557005041,Real Estate,779
3304557005041,Retail,3737
3304557005041,Transportation,2064
3304557005041,Wholesale,152
3304557005042,Art/Culture,65
3304557005042,Business Support,692
3304557005042,Construction,46
3304557005042,Education,283
3304557005042,Financial,15
3304557005042,Health,214
3304557005042,Hospitality,2129
3304557005042,Information,33
3304557005042,Manufacturing,114
3304557005042,Professional Service,95
3304557005042,Real Estate,18
3304557005042,Retail,695
3304557005043,Art/Culture,58
3304557005043,Business Support,267
3304557005043,Construction,292
3304557005043,Education,516
3304557005043,Financial,38
3304557005043,Health,553
3304557005043,Hospitality,2018
3304557005043,Information,96
3304557005043,Manufacturing,23
3304557005043,Professional Service,85
3304557005043,Real Estate,75
3304557005043,Retail,1043
3304557005043,Transportation,133
3304557005043,Wholesale,55
3304557005044,Art/Culture,142
3304557005044,Business Support,663
3304557005044,Construction,106
3304557005044,Education,891
3304557005044,Financial,39
3304557005044,Health,363
3304557005044,Hospitality,516
3304557005044,Information,42
3304557005044,Manufacturing,205
3304557005044,Professional Service,15
3304557005044,Real Estate,23
3304557005044,Retail,336
3304557005044,Transportation,166
3304557005044,Wholesale,44
3304557005045,Art/Culture,125
3304557005045,Business Support,837
3304557005045,Construction,222
3304557005045,Corporate,26
3304557005045,Education,422
3304557005045,Financial,199
3304557005045,Health,1012
3304557005045,Hospitality,2432
3304557005045,Information,45
3304557005045,Manufacturing,76
3304557005045,Professional Service,105
3304557005045,Real Estate,313
3304557005045,Retail,3893
3304557005045,Professional Service,7
3304557005045,Transportation,139
3304557005045,Wholesale,23
3304557005046,Art/Culture,53
3304557005046,Business Support,764
3304557005046,Corporate,21
3304557005046,Education,301
3304557005046,Financial,305
3304557005046,Health,268
3304557005046,Hospitality,2877
3304557005046,Information,139
3304557005046,Manufacturing,7
3304557005046,Professional Service,37
3304557005046,Real Estate,6
3304557005046,Retail,1527
3304557005046,Transportation,76
3304557005046,Wholesale,10
3304557005047,Art/Culture,682
3304557005047,Business Support,3811
3304557005047,Construction,967
3304557005047,Corporate,187
3304557005047,Education,2298
3304557005047,Financial,1442
3304557005047,Health,1456
3304557005047,Hospitality,7131
3304557005047,Information,1446
3304557005047,Manufacturing,338
3304557005047,Professional Service,972
3304557005047,Real Estate,535
3304557005047,Retail,6144
3304557005047,Professional Service,47
3304557005047,Transportation,753
3304557005047,Wholesale,1053
3304557005048,Art/Culture,404
3304557005048,Business Support,2231
3304557005048,Construction,857
3304557005048,Corporate,422
3304557005048,Education,915
3304557005048,Energy,8
3304557005048,Financial,3718
3304557005048,Health,1282
3304557005048,Hospitality,5488
3304557005048,Information,188
3304557005048,Manufacturing,268
3304557005048,Professional Service,567
3304557005048,Real Estate,347
3304557005048,Retail,4993
3304557005048,Transportation,285
3304557005048,Wholesale,79
3304557005049,Art/Culture,1198
3304557005049,Business Support,853
3304557005049,Construction,53
3304557005049,Corporate,11
3304557005049,Education,259
3304557005049,Financial,83
3304557005049,Health,57
3304557005049,Hospitality,553
3304557005049,Information,1155
3304557005049,Manufacturing,27
3304557005049,Professional Service,46
3304557005049,Retail,631
3304557005049,Transportation,116
3304557005050,Art/Culture,2253
3304557005050,Business Support,1346
3304557005050,Construction,65
3304557005050,Corporate,31
3304557005050,Education,707
3304557005050,Financial,179
3304557005050,Health,753
3304557005050,Hospitality,1508
3304557005050,Information,64
3304557005050,Professional Service,93
3304557005050,Retail,827
3304557005050,Transportation,52
3304557005051,Art/Culture,1735
3304557005051,Business Support,1991
3304557005051,Construction,573
3304557005051,Corporate,15
3304557005051,Education,3592
3304557005051,Energy,45
3304557005051,Financial,833
3304557005051,Health,3655
3304557005051,Hospitality,3181
3304557005051,Information,2755
3304557005051,Manufacturing,198
3304557005051,Professional Service,308
3304557005051,Public Administration,301
3304557005051,Real Estate,102
3304557005051,Retail,3580
3304557005051,Professional Service,602
3304557005051,Transportation,139
3304557005051,Wholesale,167
3304557005052,Art/Culture,588
3304557005052,Business Support,1083
3304557005052,Construction,339
3304557005052,Corporate,247
3304557005052,Education,627
3304557005052,Energy,47
3304557005052,Financial,286
3304557005052,Health,189
3304557005052,Hospitality,2211
3304557005052,Information,56
3304557005052,Manufacturing,23
3304557005052,Professional Service,40
3304557005052,Real Estate,300
3304557005052,Retail,2177
3304557005052,Transportation,67
3304557005052,Wholesale,6
3304557005053,Art/Culture,2840
3304557005053,Business Support,64987
3304557005053,Construction,26404
3304557005053,Corporate,8007
3304557005053,Education,11974
3304557005053,Energy,11872
3304557005053,Financial,39466
3304557005053,Health,13068
3304557005053,Hospitality,18898
3304557005053,Information,40330
3304557005053,Manufacturing,5250
3304557005053,Professional Service,36073
3304557005053,Public Administration,45751
3304557005053,Real Estate,5237
3304557005053,Retail,16966
3304557005053,Professional Service,303
3304557005053,Transportation,24625
3304557005053,Wholesale,5575
3304557005054,Art/Culture,205
3304557005054,Business Support,431
3304557005054,Construction,411
3304557005054,Corporate,22
3304557005054,Education,274
3304557005054,Financial,427
3304557005054,Health,1185
3304557005054,Hospitality,1375
3304557005054,Information,43
3304557005054,Manufacturing,889
3304557005054,Professional Service,216
3304557005054,Public Administration,1513
3304557005054,Real Estate,116
3304557005054,Retail,2498
3304557005054,Transportation,120
3304557005054,Wholesale,125
3304557005055,Art/Culture,46
3304557005055,Business Support,163
3304557005055,Construction,42
3304557005055,Education,676
3304557005055,Health,110
3304557005055,Hospitality,142
3304557005055,Information,70
3304557005055,Manufacturing,350
3304557005055,Professional Service,601
3304557005055,Retail,224
3304557005055,Transportation,285
3304557005056,Art/Culture,218
3304557005056,Business Support,4202
3304557005056,Construction,940
3304557005056,Corporate,15
3304557005056,Education,1987
3304557005056,Financial,118
3304557005056,Health,842
3304557005056,Hospitality,1608
3304557005056,Information,127
3304557005056,Manufacturing,683
3304557005056,Professional Service,392
3304557005056,Public Administration,49
3304557005056,Real Estate,92
3304557005056,Retail,2416
3304557005056,Transportation,1470
3304557005056,Wholesale,695
3304557005057,Business Support,197
3304557005057,Construction,337
3304557005057,Education,100
3304557005057,Health,72
3304557005057,Hospitality,121
3304557005057,Information,80
3304557005057,Manufacturing,32
3304557005057,Professional Service,43
3304557005057,Retail,77
3304557005057,Transportation,16
3304557005058,Art/Culture,263
3304557005058,Business Support,1111
3304557005058,Construction,404
3304557005058,Corporate,28
3304557005058,Education,2264
3304557005058,Financial,671
3304557005058,Health,2583
3304557005058,Hospitality,1626
3304557005058,Information,128
3304557005058,Manufacturing,81
3304557005058,Professional Service,399
3304557005058,Public Administration,67
3304557005058,Real Estate,14
3304557005058,Retail,3395
3304557005058,Transportation,40
3304557005058,Wholesale,217
3304557005059,Art/Culture,65
3304557005059,Business Support,1086
3304557005059,Construction,6
3304557005059,Education,256
3304557005059,Health,815
3304557005059,Hospitality,90
3304557005059,Information,10
3304557005059,Manufacturing,7
3304557005059,Professional Service,61
3304557005059,Retail,120
3304557005059,Transportation,18
3304557005059,Wholesale,28
3304557005060,Art/Culture,1198
3304557005060,Business Support,1924
3304557005060,Construction,60
3304557005060,Corporate,79
3304557005060,Education,2663
3304557005060,Financial,737
3304557005060,Health,3781
3304557005060,Hospitality,1430
3304557005060,Information,294
3304557005060,Manufacturing,180
3304557005060,Professional Service,355
3304557005060,Public Administration,1095
3304557005060,Real Estate,321
3304557005060,Retail,6522
3304557005060,Transportation,414
3304557005060,Wholesale,217
3304557005061,Art/Culture,152
3304557005061,Business Support,974
3304557005061,Construction,200
3304557005061,Education,1167
3304557005061,Financial,173
3304557005061,Health,1130
3304557005061,Hospitality,344
3304557005061,Information,100
3304557005061,Manufacturing,91
3304557005061,Professional Service,97
3304557005061,Retail,1346
3304557005061,Transportation,141
3304557005061,Wholesale,40
3304557005062,Art/Culture,202
3304557005062,Business Support,1368
3304557005062,Construction,325
3304557005062,Education,6663
3304557005062,Financial,431
3304557005062,Health,3010
3304557005062,Hospitality,2508
3304557005062,Information,73
3304557005062,Manufacturing,27
3304557005062,Professional Service,182
3304557005062,Retail,2651
3304557005062,Transportation,366
3304557005062,Wholesale,1060
3304557005063,Business Support,601
3304557005063,Education,26
3304557005063,Hospitality,10
3304557005063,Retail,39
3304557005064,Art/Culture,194
3304557005064,Business Support,2791
3304557005064,Construction,1401
3304557005064,Corporate,312
3304557005064,Education,733
3304557005064,Financial,241
3304557005064,Health,1007
3304557005064,Hospitality,918
3304557005064,Information,1306
3304557005064,Manufacturing,182
3304557005064,Professional Service,754
3304557005064,Real Estate,231
3304557005064,Retail,2235
3304557005064,Transportation,698
3304557005064,Wholesale,81
3304557005065,Art/Culture,367
3304557005065,Business Support,1044
3304557005065,Construction,1461
3304557005065,Corporate,6
3304557005065,Education,917
3304557005065,Energy,21
3304557005065,Financial,9
3304557005065,Health,481
3304557005065,Hospitality,1985
3304557005065,Information,168
3304557005065,Manufacturing,92
3304557005065,Professional Service,47
3304557005065,Retail,2707
3304557005065,Transportation,174
3304557005065,Wholesale,53
3304557005066,Art/Culture,109
3304557005066,Business Support,509
3304557005066,Construction,51
3304557005066,Education,201
3304557005066,Financial,764
3304557005066,Health,86
3304557005066,Hospitality,1018
3304557005066,Information,144
3304557005066,Manufacturing,131
3304557005066,Professional Service,243
3304557005066,Retail,1546
3304557005066,Transportation,1749
3304557005066,Wholesale,36
3304557005067,Art/Culture,168
3304557005067,Business Support,1044
3304557005067,Construction,26
3304557005067,Education,1048
3304557005067,Energy,102
3304557005067,Financial,202
3304557005067,Health,648
3304557005067,Hospitality,744
3304557005067,Information,9
3304557005067,Manufacturing,130
3304557005067,Professional Service,57
3304557005067,Retail,1862
3304557005067,Professional Service,7
3304557005067,Transportation,201
3304557005067,Wholesale,56
3304557005068,Art/Culture,29
3304557005068,Business Support,824
3304557005068,Construction,178
3304557005068,Education,228
3304557005068,Health,13
3304557005068,Hospitality,115
3304557005068,Information,40
3304557005068,Manufacturing,484
3304557005068,Professional Service,41
3304557005068,Retail,1317
3304557005068,Transportation,1728
3304557005068,Wholesale,207
3304557005069,Art/Culture,47
3304557005069,Business Support,1944
3304557005069,Construction,1498
3304557005069,Education,537
3304557005069,Financial,164
3304557005069,Health,954
3304557005069,Hospitality,276
3304557005069,Information,16
3304557005069,Manufacturing,1072
3304557005069,Professional Service,439
3304557005069,Retail,1902
3304557005069,Transportation,286
3304557005069,Wholesale,1570
3304557005070,Art/Culture,111
3304557005070,Business Support,13663
3304557005070,Construction,4098
3304557005070,Corporate,19
3304557005070,Education,3041
3304557005070,Financial,1153
3304557005070,Health,586
3304557005070,Hospitality,1138
3304557005070,Information,747
3304557005070,Manufacturing,2907
3304557005070,Professional Service,2058
3304557005070,Public Administration,7
3304557005070,Real Estate,24
3304557005070,Retail,6456
3304557005070,Transportation,3505
3304557005070,Wholesale,3420
3304557005071,Art/Culture,82
3304557005071,Business Support,644
3304557005071,Construction,70
3304557005071,Education,322
3304557005071,Health,22
3304557005071,Hospitality,65
3304557005071,Manufacturing,46
3304557005071,Professional Service,26
3304557005071,Retail,488
3304557005071,Transportation,133
3304557005071,Wholesale,6
3304557005072,Art/Culture,187
3304557005072,Business Support,2259
3304557005072,Construction,1025
3304557005072,Education,831
3304557005072,Financial,26
3304557005072,Health,1383
3304557005072,Hospitality,156
3304557005072,Information,279
3304557005072,Manufacturing,1637
3304557005072,Professional Service,517
3304557005072,Retail,2339
3304557005072,Professional Service,29
3304557005072,Transportation,2745
3304557005072,Wholesale,962
3304557005073,Business Support,20
3304557005073,Health,463
3304557005073,Retail,21
3304557005073,Wholesale,6
3304557005074,Art/Culture,189
3304557005074,Business Support,2958
3304557005074,Construction,1399
3304557005074,Corporate,23
3304557005074,Education,747
3304557005074,Energy,48
3304557005074,Financial,440
3304557005074,Health,372
3304557005074,Hospitality,1056
3304557005074,Information,96
3304557005074,Manufacturing,2225
3304557005074,Professional Service,881
3304557005074,Public Administration,3450
3304557005074,Real Estate,68
3304557005074,Retail,4627
3304557005074,Transportation,2666
3304557005074,Wholesale,4180
3304557005075,Art/Culture,85
3304557005075,Business Support,2313
3304557005075,Construction,808
3304557005075,Corporate,415
3304557005075,Education,1156
3304557005075,Energy,462
3304557005075,Financial,182
3304557005075,Health,1179
3304557005075,Hospitality,287
3304557005075,Information,141
3304557005075,Manufacturing,1228
3304557005075,Professional Service,2342
3304557005075,Real Estate,84
3304557005075,Retail,2994
3304557005075,Transportation,5153
3304557005075,Wholesale,3250
3304557005076,Art/Culture,169
3304557005076,Business Support,9195
3304557005076,Construction,740
3304557005076,Corporate,13
3304557005076,Education,2536
3304557005076,Financial,631
3304557005076,Health,2929
3304557005076,Hospitality,687
3304557005076,Information,233
3304557005076,Manufacturing,391
3304557005076,Professional Service,426
3304557005076,Public Administration,376
3304557005076,Retail,1466
3304557005076,Transportation,306
3304557005076,Wholesale,737
3304557005077,Art/Culture,39
3304557005077,Business Support,656
3304557005077,Construction,51
3304557005077,Corporate,42
3304557005077,Education,76
3304557005077,Financial,8
3304557005077,Hospitality,12
3304557005077,Manufacturing,204
3304557005077,Professional Service,46
3304557005077,Retail,279
3304557005077,Transportation,207
3304557005077,Wholesale,196
3304557005078,Business Support,147
3304557005078,Construction,21
3304557005078,Education,399
3304557005078,Hospitality,28
3304557005078,Manufacturing,693
3304557005078,Professional Service,7
3304557005078,Retail,812
3304557005078,Transportation,180
3304557005078,Wholesale,74
3304557005079,Business Support,2908
3304557005079,Construction,73
3304557005079,Education,295
3304557005079,Energy,85
3304557005079,Financial,24
3304557005079,Health,491
3304557005079,Hospitality,126
3304557005079,Information,26
3304557005079,Manufacturing,634
3304557005079,Professional Service,17
3304557005079,Public Administration,450
3304557005079,Retail,2557
3304557005079,Transportation,3388
3304557005079,Wholesale,3215
3304557005080,Art/Culture,21
3304557005080,Business Support,78
3304557005080,Construction,489
3304557005080,Education,562
3304557005080,Health,451
3304557005080,Hospitality,19
3304557005080,Manufacturing,637
3304557005080,Professional Service,281
3304557005080,Retail,935
3304557005080,Transportation,1803
3304557005080,Wholesale,172
3304557005081,Art/Culture,52
3304557005081,Business Support,258
3304557005081,Construction,214
3304557005081,Education,182
3304557005081,Hospitality,35
3304557005081,Manufacturing,5123
3304557005081,Professional Service,508
3304557005081,Public Administration,7
3304557005081,Retail,1495
3304557005081,Transportation,2175
3304557005081,Wholesale,335
3304557005082,Art/Culture,35
3304557005082,Business Support,223
3304557005082,Construction,241
3304557005082,Education,304
3304557005082,Financial,26
3304557005082,Health,31
3304557005082,Hospitality,232
3304557005082,Information,114
3304557005082,Manufacturing,639
3304557005082,Professional Service,19
3304557005082,Retail,747
3304557005082,Transportation,473
3304557005082,Wholesale,407
3304557005083,Art/Culture,651
3304557005083,Business Support,6982
3304557005083,Construction,1304
3304557005083,Corporate,1652
3304557005083,Education,1374
3304557005083,Financial,761
3304557005083,Health,2307
3304557005083,Hospitality,2500
3304557005083,Information,1163
3304557005083,Manufacturing,2148
3304557005083,Professional Service,1249
3304557005083,Retail,5033
3304557005083,Transportation,3329
3304557005083,Wholesale,1033
3304557005084,Art/Culture,24
3304557005084,Business Support,2698
3304557005084,Construction,799
3304557005084,Education,275
3304557005084,Financial,45
3304557005084,Health,93
3304557005084,Hospitality,171
3304557005084,Information,454
3304557005084,Manufacturing,2791
3304557005084,Professional Service,155
3304557005084,Retail,1346
3304557005084,Transportation,173
3304557005084,Wholesale,689
3304557005085,Art/Culture,23
3304557005085,Business Support,653
3304557005085,Construction,58
3304557005085,Education,258
3304557005085,Energy,70
3304557005085,Health,187
3304557005085,Manufacturing,127
3304557005085,Professional Service,46
3304557005085,Retail,783
3304557005085,Transportation,96
3304557005085,Wholesale,12
3304557005086,Art/Culture,32
3304557005086,Business Support,591
3304557005086,Construction,47
3304557005086,Education,252
3304557005086,Energy,16
3304557005086,Financial,6
3304557005086,Health,66
3304557005086,Hospitality,48
3304557005086,Information,56
3304557005086,Manufacturing,492
3304557005086,Professional Service,60
3304557005086,Retail,540
3304557005086,Transportation,83
3304557005086,Wholesale,137
3304557005087,Art/Culture,63
3304557005087,Business Support,2723
3304557005087,Construction,675
3304557005087,Education,1368
3304557005087,Financial,142
3304557005087,Health,333
3304557005087,Hospitality,768
3304557005087,Information,636
3304557005087,Manufacturing,4508
3304557005087,Professional Service,327
3304557005087,Retail,2352
3304557005087,Transportation,260
3304557005087,Wholesale,1200
3304557005088,Art/Culture,75
3304557005088,Business Support,3806
3304557005088,Construction,2571
3304557005088,Corporate,52
3304557005088,Education,493
3304557005088,Energy,1715
3304557005088,Financial,1708
3304557005088,Health,36
3304557005088,Hospitality,647
3304557005088,Information,677
3304557005088,Manufacturing,472
3304557005088,Professional Service,2087
3304557005088,Public Administration,2015
3304557005088,Real Estate,40
3304557005088,Retail,2028
3304557005088,Transportation,3526
3304557005088,Wholesale,986
3304557005089,Art/Culture,175
3304557005089,Business Support,2019
3304557005089,Construction,505
3304557005089,Education,1203
3304557005089,Financial,21
3304557005089,Health,300
3304557005089,Hospitality,42
3304557005089,Information,104
3304557005089,Manufacturing,658
3304557005089,Professional Service,66
3304557005089,Real Estate,33
3304557005089,Retail,1752
3304557005089,Transportation,919
3304557005089,Wholesale,241
3304557005090,Art/Culture,7
3304557005090,Business Support,349
3304557005090,Construction,51
3304557005090,Education,500
3304557005090,Health,76
3304557005090,Hospitality,58
3304557005090,Manufacturing,96
3304557005090,Public Administration,407
3304557005090,Retail,560
3304557005090,Transportation,105
3304557005090,Wholesale,9
3304557005091,Art/Culture,114
3304557005091,Business Support,2280
3304557005091,Construction,207
3304557005091,Corporate,10
3304557005091,Education,1864
3304557005091,Financial,189
3304557005091,Health,1997
3304557005091,Hospitality,1057
3304557005091,Information,268
3304557005091,Manufacturing,669
3304557005091,Professional Service,373
3304557005091,Real Estate,155
3304557005091,Retail,1623
3304557005091,Transportation,79
3304557005091,Wholesale,210
3304557005092,Art/Culture,317
3304557005092,Business Support,1576
3304557005092,Construction,202
3304557005092,Education,1574
3304557005092,Financial,456
3304557005092,Health,560
3304557005092,Hospitality,1105
3304557005092,Manufacturing,192
3304557005092,Professional Service,220
3304557005092,Real Estate,66
3304557005092,Retail,3438
3304557005092,Transportation,52
3304557005092,Wholesale,19
3304557005093,Art/Culture,22
3304557005093,Business Support,1096
3304557005093,Construction,122
3304557005093,Corporate,66
3304557005093,Education,534
3304557005093,Financial,57
3304557005093,Health,1225
3304557005093,Hospitality,238
3304557005093,Information,246
3304557005093,Manufacturing,329
3304557005093,Professional Service,402
3304557005093,Retail,838
3304557005093,Transportation,177
3304557005093,Wholesale,180
3304557005094,Art/Culture,254
3304557005094,Business Support,1421
3304557005094,Construction,1075
3304557005094,Corporate,55
3304557005094,Education,1573
3304557005094,Financial,1367
3304557005094,Health,692
3304557005094,Hospitality,2152
3304557005094,Information,292
3304557005094,Manufacturing,337
3304557005094,Professional Service,219
3304557005094,Real Estate,99
3304557005094,Retail,4930
3304557005094,Transportation,540
3304557005094,Wholesale,151
3304557005095,Art/Culture,86
3304557005095,Business Support,1835
3304557005095,Construction,716
3304557005095,Corporate,35
3304557005095,Education,375
3304557005095,Financial,390
3304557005095,Health,2722
3304557005095,Hospitality,612
3304557005095,Information,63
3304557005095,Manufacturing,605
3304557005095,Professional Service,173
3304557005095,Retail,1735
3304557005095,Transportation,2150
3304557005095,Wholesale,341
3304557005096,Art/Culture,58
3304557005096,Business Support,998
3304557005096,Construction,332
3304557005096,Corporate,37
3304557005096,Education,643
3304557005096,Financial,111
3304557005096,Health,63
3304557005096,Hospitality,907
3304557005096,Information,66
3304557005096,Manufacturing,278
3304557005096,Professional Service,188
3304557005096,Retail,936
3304557005096,Transportation,954
3304557005096,Wholesale,201
3304557005097,Art/Culture,84
3304557005097,Business Support,1081
3304557005097,Construction,588
3304557005097,Education,173
3304557005097,Health,257
3304557005097,Hospitality,1140
3304557005097,Information,104
3304557005097,Manufacturing,1129
3304557005097,Professional Service,37
3304557005097,Retail,1456
3304557005097,Transportation,500
3304557005097,Wholesale,177
3304557005098,Art/Culture,13
3304557005098,Business Support,618
3304557005098,Construction,273
3304557005098,Corporate,105
3304557005098,Education,583
3304557005098,Financial,95
3304557005098,Health,50
3304557005098,Hospitality,403
3304557005098,Information,202
3304557005098,Manufacturing,1043
3304557005098,Professional Service,202
3304557005098,Real Estate,7
3304557005098,Retail,3382
3304557005098,Transportation,303
3304557005098,Wholesale,339
3304557005099,Art/Culture,1072
3304557005099,Business Support,12429
3304557005099,Construction,6218
3304557005099,Corporate,330
3304557005099,Education,818
3304557005099,Financial,2996
3304557005099,Health,3237
3304557005099,Hospitality,1363
3304557005099,Information,2012
3304557005099,Manufacturing,8739
3304557005099,Professional Service,2478
3304557005099,Public Administration,511
3304557005099,Real Estate,6
3304557005099,Retail,4401
3304557005099,Professional Service,33
3304557005099,Transportation,4774
3304557005099,Wholesale,3637
3304557005100,Art/Culture,207
3304557005100,Business Support,1168
3304557005100,Construction,41
3304557005100,Corporate,44
3304557005100,Education,1916
3304557005100,Financial,124
3304557005100,Health,1676
3304557005100,Hospitality,1549
3304557005100,Information,173
3304557005100,Manufacturing,74
3304557005100,Professional Service,229
3304557005100,Real Estate,74
3304557005100,Retail,4009
3304557005100,Transportation,66
3304557005100,Wholesale,334
3304557005101,Business Support,364
3304557005101,Construction,83
3304557005101,Education,651
3304557005101,Financial,179
3304557005101,Health,111
3304557005101,Hospitality,71
3304557005101,Information,22
3304557005101,Manufacturing,70
3304557005101,Professional Service,47
3304557005101,Retail,508
3304557005101,Transportation,30
3304557005101,Wholesale,34
3304557005102,Art/Culture,105
3304557005102,Business Support,1336
3304557005102,Construction,70
3304557005102,Education,544
3304557005102,Financial,132
3304557005102,Health,59
3304557005102,Hospitality,1285
3304557005102,Information,153
3304557005102,Manufacturing,286
3304557005102,Professional Service,274
3304557005102,Public Administration,9
3304557005102,Real Estate,20
3304557005102,Retail,2078
3304557005102,Transportation,363
3304557005102,Wholesale,320
3304557005103,Art/Culture,55
3304557005103,Business Support,498
3304557005103,Construction,383
3304557005103,Education,521
3304557005103,Health,87
3304557005103,Hospitality,48
3304557005103,Information,7
3304557005103,Manufacturing,24
3304557005103,Retail,1297
3304557005103,Transportation,1129
3304557005103,Wholesale,1137
3304557005104,Art/Culture,8
3304557005104,Business Support,350
3304557005104,Construction,61
3304557005104,Education,251
3304557005104,Health,17
3304557005104,Hospitality,24
3304557005104,Information,10
3304557005104,Manufacturing,26
3304557005104,Professional Service,8
3304557005104,Retail,153
3304557005104,Transportation,152
3304557005104,Wholesale,19
3304557005105,Art/Culture,56
3304557005105,Business Support,394
3304557005105,Construction,644
3304557005105,Education,325
3304557005105,Financial,99
3304557005105,Health,59
3304557005105,Hospitality,255
3304557005105,Manufacturing,180
3304557005105,Professional Service,13
3304557005105,Retail,2692
3304557005105,Transportation,64
3304557005105,Wholesale,28
3304557005106,Business Support,62
3304557005106,Construction,61
3304557005106,Education,100
3304557005106,Financial,31
3304557005106,Hospitality,36
3304557005106,Manufacturing,365
3304557005106,Professional Service,28
3304557005106,Retail,150
3304557005106,Transportation,69
3304557005106,Wholesale,79
3304557005107,Art/Culture,39
3304557005107,Business Support,482
3304557005107,Construction,294
3304557005107,Education,401
3304557005107,Energy,8
3304557005107,Financial,22
3304557005107,Health,29
3304557005107,Information,13
3304557005107,Manufacturing,749
3304557005107,Professional Service,407
3304557005107,Public Administration,329
3304557005107,Retail,694
3304557005107,Transportation,29
3304557005107,Wholesale,52
3304557005108,Art/Culture,182
3304557005108,Business Support,467
3304557005108,Construction,44
3304557005108,Corporate,14
3304557005108,Education,1426
3304557005108,Energy,1316
3304557005108,Financial,67
3304557005108,Health,685
3304557005108,Hospitality,389
3304557005108,Information,28
3304557005108,Manufacturing,121
3304557005108,Professional Service,91
3304557005108,Retail,2190
3304557005108,Transportation,907
3304557005108,Wholesale,72
3304557005109,Art/Culture,37
3304557005109,Business Support,337
3304557005109,Construction,138
3304557005109,Education,373
3304557005109,Health,22
3304557005109,Hospitality,21
3304557005109,Manufacturing,427
3304557005109,Professional Service,100
3304557005109,Retail,324
3304557005109,Transportation,64
3304557005109,Wholesale,363
3304557005110,Art/Culture,46
3304557005110,Business Support,4210
3304557005110,Construction,176
3304557005110,Corporate,128
3304557005110,Education,2213
3304557005110,Financial,578
3304557005110,Health,2436
3304557005110,Hospitality,1354
3304557005110,Information,112
3304557005110,Manufacturing,297
3304557005110,Professional Service,635
3304557005110,Real Estate,32
3304557005110,Retail,4463
3304557005110,Transportation,406
3304557005110,Wholesale,149
3304557005111,Art/Culture,166
3304557005111,Business Support,988
3304557005111,Construction,266
3304557005111,Corporate,8
3304557005111,Education,206
3304557005111,Financial,130
3304557005111,Health,278
3304557005111,Hospitality,428
3304557005111,Information,31
3304557005111,Manufacturing,137
3304557005111,Professional Service,118
3304557005111,Retail,2308
3304557005111,Transportation,43
3304557005111,Wholesale,180
3304557005112,Art/Culture,21
3304557005112,Business Support,306
3304557005112,Construction,450
3304557005112,Education,365
3304557005112,Financial,76
3304557005112,Health,822
3304557005112,Hospitality,132
3304557005112,Information,13
3304557005112,Manufacturing,686
3304557005112,Professional Service,35
3304557005112,Retail,1544
3304557005112,Transportation,90
3304557005112,Wholesale,611
3304557005113,Art/Culture,70
3304557005113,Business Support,184
3304557005113,Construction,139
3304557005113,Education,401
3304557005113,Financial,119
3304557005113,Health,265
3304557005113,Hospitality,145
3304557005113,Information,19
3304557005113,Manufacturing,649
3304557005113,Retail,1352
3304557005113,Transportation,380
3304557005113,Wholesale,68
3304557005114,Art/Culture,37
3304557005114,Business Support,49
3304557005114,Construction,97
3304557005114,Education,212
3304557005114,Hospitality,45
3304557005114,Manufacturing,1361
3304557005114,Professional Service,53
3304557005114,Retail,432
3304557005114,Transportation,114
3304557005114,Wholesale,10
3304557005115,Art/Culture,76
3304557005115,Business Support,3572
3304557005115,Construction,1248
3304557005115,Corporate,97
3304557005115,Education,622
3304557005115,Financial,145
3304557005115,Health,2442
3304557005115,Hospitality,549
3304557005115,Information,579
3304557005115,Manufacturing,1007
3304557005115,Professional Service,855
3304557005115,Public Administration,108
3304557005115,Real Estate,15
3304557005115,Retail,3024
3304557005115,Transportation,730
3304557005115,Wholesale,1717
3304557005116,Art/Culture,43
3304557005116,Business Support,768
3304557005116,Construction,387
3304557005116,Education,779
3304557005116,Financial,410
3304557005116,Health,131
3304557005116,Hospitality,677
3304557005116,Information,20
3304557005116,Manufacturing,351
3304557005116,Professional Service,9
3304557005116,Retail,2143
3304557005116,Transportation,953
3304557005116,Wholesale,159
3304557005117,Art/Culture,24
3304557005117,Business Support,584
3304557005117,Construction,139
3304557005117,Education,892
3304557005117,Financial,31
3304557005117,Health,26
3304557005117,Hospitality,386
3304557005117,Information,94
3304557005117,Manufacturing,87
3304557005117,Professional Service,157
3304557005117,Retail,780
3304557005117,Transportation,1233
3304557005117,Wholesale,155
3304557005118,Art/Culture,51
3304557005118,Business Support,111
3304557005118,Corporate,61
3304557005118,Education,500
3304557005118,Energy,27
3304557005118,Financial,80
3304557005118,Health,113
3304557005118,Hospitality,356
3304557005118,Manufacturing,130
3304557005118,Professional Service,201
3304557005118,Public Administration,297
3304557005118,Retail,1229
3304557005118,Transportation,1164
3304557005118,Wholesale,102
3304557005119,Art/Culture,85
3304557005119,Business Support,296
3304557005119,Construction,286
3304557005119,Education,682
3304557005119,Financial,163
3304557005119,Health,405
3304557005119,Hospitality,418
3304557005119,Manufacturing,1479
3304557005119,Professional Service,333
3304557005119,Public Administration,53
3304557005119,Real Estate,91
3304557005119,Retail,2903
3304557005119,Transportation,2285
3304557005119,Wholesale,174
3304557005120,Art/Culture,28
3304557005120,Business Support,78
3304557005120,Construction,6
3304557005120,Education,466
3304557005120,Financial,7
3304557005120,Health,10
3304557005120,Hospitality,129
3304557005120,Manufacturing,80
3304557005120,Public Administration,45
3304557005120,Retail,390
3304557005120,Transportation,241
3304557005120,Wholesale,61
3304557005121,Art/Culture,503
3304557005121,Business Support,992
3304557005121,Construction,245
3304557005121,Education,2181
3304557005121,Financial,310
3304557005121,Health,515
3304557005121,Hospitality,476
3304557005121,Information,71
3304557005121,Manufacturing,83
3304557005121,Professional Service,393
3304557005121,Real Estate,26
3304557005121,Retail,2133
3304557005121,Professional Service,123
3304557005121,Transportation,1107
3304557005121,Wholesale,638
3304557005122,Business Support,95
3304557005122,Construction,63
3304557005122,Education,925
3304557005122,Hospitality,546
3304557005122,Information,83
3304557005122,Manufacturing,28
3304557005122,Professional Service,235
3304557005122,Retail,1152
3304557005122,Transportation,11
3304557005122,Wholesale,19
3304557005123,Art/Culture,21
3304557005123,Business Support,398
3304557005123,Construction,36
3304557005123,Education,442
3304557005123,Health,1432
3304557005123,Hospitality,36
3304557005123,Information,85
3304557005123,Manufacturing,443
3304557005123,Professional Service,132
3304557005123,Retail,531
3304557005123,Transportation,118
3304557005123,Wholesale,85
3304557005124,Art/Culture,38
3304557005124,Business Support,472
3304557005124,Construction,110
3304557005124,Education,1457
3304557005124,Financial,111
3304557005124,Health,162
3304557005124,Hospitality,2253
3304557005124,Information,108
3304557005124,Manufacturing,1098
3304557005124,Professional Service,229
3304557005124,Public Administration,1068
3304557005124,Retail,859
3304557005124,Professional Service,2369
3304557005124,Transportation,6970
3304557005124,Wholesale,182
3304557005125,Art/Culture,78
3304557005125,Business Support,726
3304557005125,Education,234
3304557005125,Financial,114
3304557005125,Health,120
3304557005125,Hospitality,997
3304557005125,Information,115
3304557005125,Manufacturing,30
3304557005125,Professional Service,136
3304557005125,Real Estate,6
3304557005125,Retail,2211
3304557005125,Transportation,43
3304557005125,Wholesale,12
3304557005126,Art/Culture,8
3304557005126,Construction,35
3304557005126,Financial,6
3304557005126,Health,88
3304557005126,Hospitality,23
3304557005126,Retail,85
3304557005127,Art/Culture,23
3304557005127,Business Support,201
3304557005127,Construction,82
3304557005127,Education,597
3304557005127,Health,144
3304557005127,Hospitality,320
3304557005127,Information,49
3304557005127,Manufacturing,983
3304557005127,Professional Service,10
3304557005127,Retail,2077
3304557005127,Transportation,99
3304557005127,Wholesale,120
3304557005128,Art/Culture,6
3304557005128,Business Support,9
3304557005128,Construction,60
3304557005128,Corporate,6
3304557005128,Education,288
3304557005128,Financial,43
3304557005128,Health,122
3304557005128,Hospitality,182
3304557005128,Information,43
3304557005128,Manufacturing,119
3304557005128,Professional Service,17
3304557005128,Retail,1078
3304557005128,Wholesale,22
3304557005129,Business Support,148
3304557005129,Construction,36
3304557005129,Education,158
3304557005129,Health,28
3304557005129,Hospitality,42
3304557005129,Information,19
3304557005129,Manufacturing,341
3304557005129,Retail,1664
3304557005129,Transportation,3063
3304557005129,Wholesale,883
3304557005130,Art/Culture,22
3304557005130,Business Support,433
3304557005130,Construction,66
3304557005130,Education,202
3304557005130,Hospitality,40
3304557005130,Information,48
3304557005130,Manufacturing,95
3304557005130,Professional Service,20
3304557005130,Retail,152
3304557005130,Wholesale,15
3304557005131,Business Support,310
3304557005131,Construction,26
3304557005131,Corporate,7
3304557005131,Education,264
3304557005131,Health,104
3304557005131,Hospitality,38
3304557005131,Information,74
3304557005131,Manufacturing,34
3304557005131,Professional Service,15
3304557005131,Real Estate,6
3304557005131,Retail,328
3304557005131,Transportation,202
3304557005131,Wholesale,19
3304557005132,Art/Culture,32
3304557005132,Business Support,868
3304557005132,Construction,167
3304557005132,Education,328
3304557005132,Financial,153
3304557005132,Hospitality,204
3304557005132,Information,15
3304557005132,Manufacturing,828
3304557005132,Professional Service,54
3304557005132,Retail,3594
3304557005132,Transportation,1560
3304557005132,Wholesale,8529
3304557005133,Art/Culture,9
3304557005133,Business Support,53
3304557005133,Construction,824
3304557005133,Education,72
3304557005133,Energy,423
3304557005133,Financial,170
3304557005133,Health,64
3304557005133,Hospitality,334
3304557005133,Information,669
3304557005133,Manufacturing,1957
3304557005133,Professional Service,24
3304557005133,Retail,2109
3304557005133,Transportation,3033
3304557005133,Wholesale,5452
3304557005134,Business Support,444
3304557005134,Corporate,21
3304557005134,Education,164
3304557005134,Financial,15
3304557005134,Hospitality,43
3304557005134,Information,21
3304557005134,Manufacturing,879
3304557005134,Retail,1170
3304557005134,Professional Service,7
3304557005134,Transportation,108
3304557005134,Wholesale,963
3304557005135,Art/Culture,20
3304557005135,Business Support,240
3304557005135,Construction,1430
3304557005135,Education,582
3304557005135,Financial,58
3304557005135,Health,57
3304557005135,Hospitality,197
3304557005135,Manufacturing,4236
3304557005135,Professional Service,247
3304557005135,Real Estate,9
3304557005135,Retail,1769
3304557005135,Transportation,3955
3304557005135,Wholesale,3670
3304557005136,Business Support,90
3304557005136,Construction,23
3304557005136,Corporate,58
3304557005136,Education,81
3304557005136,Manufacturing,32
3304557005136,Retail,408
3304557005136,Wholesale,11
3304557005137,Business Support,94
3304557005137,Construction,31
3304557005137,Education,312
3304557005137,Health,8
3304557005137,Hospitality,45
3304557005137,Manufacturing,737
3304557005137,Real Estate,22
3304557005137,Retail,771
3304557005137,Transportation,42
3304557005137,Wholesale,104
3304557005138,Art/Culture,65
3304557005138,Business Support,156
3304557005138,Education,18
3304557005138,Hospitality,504
3304557005138,Real Estate,61
3304557005138,Retail,236
3304557005138,Transportation,55
3304557005138,Wholesale,19
3304557005139,Art/Culture,72
3304557005139,Business Support,120
3304557005139,Construction,234
3304557005139,Education,333
3304557005139,Financial,143
3304557005139,Health,55
3304557005139,Hospitality,266
3304557005139,Information,207
3304557005139,Manufacturing,56
3304557005139,Retail,1832
3304557005139,Transportation,87
3304557005139,Wholesale,10
3304557005140,Art/Culture,598
3304557005140,Business Support,5289
3304557005140,Construction,3326
3304557005140,Corporate,218
3304557005140,Education,865
3304557005140,Energy,1112
3304557005140,Financial,760
3304557005140,Health,1173
3304557005140,Hospitality,957
3304557005140,Information,1194
3304557005140,Manufacturing,290
3304557005140,Professional Service,2249
3304557005140,Real Estate,774
3304557005140,Retail,3019
3304557005140,Transportation,621
3304557005140,Wholesale,594
3304557005141,Art/Culture,351
3304557005141,Business Support,1155
3304557005141,Construction,558
3304557005141,Corporate,57
3304557005141,Education,1678
3304557005141,Financial,30
3304557005141,Health,35
3304557005141,Hospitality,644
3304557005141,Information,8
3304557005141,Manufacturing,381
3304557005141,Professional Service,538
3304557005141,Retail,693
3304557005141,Transportation,339
3304557005141,Wholesale,234
3304557005142,Art/Culture,29
3304557005142,Business Support,474
3304557005142,Construction,199
3304557005142,Education,134
3304557005142,Energy,356
3304557005142,Health,85
3304557005142,Hospitality,292
3304557005142,Information,114
3304557005142,Manufacturing,3744
3304557005142,Professional Service,22
3304557005142,Retail,423
3304557005142,Transportation,38
3304557005142,Wholesale,288
3304557005143,Art/Culture,349
3304557005143,Business Support,1687
3304557005143,Construction,794
3304557005143,Corporate,51
3304557005143,Education,1505
3304557005143,Financial,128
3304557005143,Health,22
3304557005143,Hospitality,1845
3304557005143,Information,259
3304557005143,Manufacturing,2033
3304557005143,Professional Service,307
3304557005143,Real Estate,104
3304557005143,Retail,3783
3304557005143,Transportation,1199
3304557005143,Wholesale,1378
3304557005144,Art/Culture,304
3304557005144,Business Support,596
3304557005144,Construction,271
3304557005144,Corporate,22
3304557005144,Education,617
3304557005144,Financial,132
3304557005144,Health,1320
3304557005144,Hospitality,1378
3304557005144,Information,83
3304557005144,Manufacturing,186
3304557005144,Professional Service,101
3304557005144,Retail,1950
3304557005144,Transportation,85
3304557005144,Wholesale,79
3304557005145,Business Support,233
3304557005145,Construction,95
3304557005145,Education,891
3304557005145,Health,53
3304557005145,Information,50
3304557005145,Manufacturing,27
3304557005145,Retail,516
3304557005145,Transportation,27
3304557005145,Wholesale,253
3304557005146,Art/Culture,153
3304557005146,Business Support,3747
3304557005146,Construction,764
3304557005146,Corporate,986
3304557005146,Education,1469
3304557005146,Financial,68
3304557005146,Health,140
3304557005146,Hospitality,921
3304557005146,Information,12
3304557005146,Manufacturing,4196
3304557005146,Professional Service,337
3304557005146,Real Estate,103
3304557005146,Retail,3775
3304557005146,Transportation,862
3304557005146,Wholesale,272
3304557005147,Art/Culture,247
3304557005147,Business Support,4640
3304557005147,Construction,473
3304557005147,Corporate,74
3304557005147,Education,1967
3304557005147,Energy,52
3304557005147,Financial,167
3304557005147,Health,2001
3304557005147,Hospitality,842
3304557005147,Information,120
3304557005147,Manufacturing,423
3304557005147,Professional Service,578
3304557005147,Public Administration,235
3304557005147,Real Estate,123
3304557005147,Retail,2770
3304557005147,Professional Service,31
3304557005147,Transportation,410
3304557005147,Wholesale,247
3304557005148,Art/Culture,93
3304557005148,Business Support,1215
3304557005148,Construction,207
3304557005148,Education,392
3304557005148,Financial,49
3304557005148,Health,6
3304557005148,Hospitality,400
3304557005148,Manufacturing,90
3304557005148,Professional Service,135
3304557005148,Real Estate,30
3304557005148,Retail,833
3304557005148,Transportation,1990
3304557005149,Art/Culture,68
3304557005149,Business Support,4429
3304557005149,Construction,1609
3304557005149,Education,1764
3304557005149,Financial,91
3304557005149,Health,252
3304557005149,Hospitality,947
3304557005149,Information,74
3304557005149,Manufacturing,629
3304557005149,Professional Service,575
3304557005149,Real Estate,9
3304557005149,Retail,2149
3304557005149,Transportation,346
3304557005149,Wholesale,985
3304557005150,Art/Culture,93
3304557005150,Business Support,2581
3304557005150,Construction,385
3304557005150,Corporate,107
3304557005150,Education,1574
3304557005150,Energy,73
3304557005150,Financial,112
3304557005150,Health,821
3304557005150,Hospitality,461
3304557005150,Information,389
3304557005150,Manufacturing,544
3304557005150,Professional Service,469
3304557005150,Real Estate,27
3304557005150,Retail,2088
3304557005150,Transportation,459
3304557005150,Wholesale,139
3304557005151,Art/Culture,73
3304557005151,Business Support,2904
3304557005151,Construction,1240
3304557005151,Education,851
3304557005151,Financial,66
3304557005151,Health,249
3304557005151,Hospitality,955
3304557005151,Information,370
3304557005151,Manufacturing,4462
3304557005151,Professional Service,453
3304557005151,Real Estate,212
3304557005151,Retail,3189
3304557005151,Transportation,1190
3304557005151,Wholesale,1650
3304557005152,Art/Culture,99
3304557005152,Business Support,1927
3304557005152,Construction,768
3304557005152,Corporate,26
3304557005152,Education,1961
3304557005152,Energy,11
3304557005152,Financial,395
3304557005152,Health,2087
3304557005152,Hospitality,859
3304557005152,Information,161
3304557005152,Manufacturing,472
3304557005152,Professional Service,299
3304557005152,Real Estate,27
3304557005152,Retail,3148
3304557005152,Transportation,260
3304557005152,Wholesale,547
3304557005153,Art/Culture,158
3304557005153,Business Support,2734
3304557005153,Construction,1517
3304557005153,Corporate,7
3304557005153,Education,880
3304557005153,Financial,57
3304557005153,Health,370
3304557005153,Hospitality,765
3304557005153,Information,81
3304557005153,Manufacturing,306
3304557005153,Professional Service,423
3304557005153,Real Estate,33
3304557005153,Retail,3074
3304557005153,Transportation,151
3304557005153,Wholesale,105
3304557005154,Art/Culture,99
3304557005154,Business Support,1528
3304557005154,Construction,505
3304557005154,Education,745
3304557005154,Financial,192
3304557005154,Health,1966
3304557005154,Hospitality,464
3304557005154,Information,40
3304557005154,Manufacturing,93
3304557005154,Professional Service,285
3304557005154,Real Estate,15
3304557005154,Retail,2426
3304557005154,Transportation,15
3304557005154,Wholesale,99
3304557005155,Art/Culture,21
3304557005155,Business Support,226
3304557005155,Construction,74
3304557005155,Education,290
3304557005155,Health,175
3304557005155,Hospitality,8
3304557005155,Manufacturing,60
3304557005155,Professional Service,33
3304557005155,Retail,171
3304557005156,Art/Culture,262
3304557005156,Business Support,1129
3304557005156,Construction,616
3304557005156,Education,1708
3304557005156,Financial,60
3304557005156,Health,1883
3304557005156,Hospitality,536
3304557005156,Information,147
3304557005156,Manufacturing,111
3304557005156,Professional Service,67
3304557005156,Real Estate,24
3304557005156,Retail,1817
3304557005156,Transportation,139
3304557005156,Wholesale,6
3304557005157,Art/Culture,772
3304557005157,Business Support,738
3304557005157,Construction,476
3304557005157,Corporate,34
3304557005157,Education,1403
3304557005157,Financial,38
3304557005157,Health,126
3304557005157,Hospitality,775
3304557005157,Information,291
3304557005157,Manufacturing,27
3304557005157,Professional Service,187
3304557005157,Retail,3264
3304557005157,Transportation,181
3304557005157,Wholesale,91
3304557005158,Art/Culture,341
3304557005158,Business Support,2373
3304557005158,Construction,242
3304557005158,Education,2053
3304557005158,Financial,30
3304557005158,Hospitality,150
3304557005158,Information,37
3304557005158,Professional Service,40
3304557005158,Retail,583
3304557005158,Transportation,21
3304557005159,Art/Culture,2140
3304557005159,Business Support,20708
3304557005159,Construction,5581
3304557005159,Corporate,1549
3304557005159,Education,5054
3304557005159,Energy,1431
3304557005159,Financial,3443
3304557005159,Health,8533
3304557005159,Hospitality,8371
3304557005159,Information,5138
3304557005159,Manufacturing,1456
3304557005159,Professional Service,6479
3304557005159,Public Administration,2240
3304557005159,Real Estate,1535
3304557005159,Retail,9397
3304557005159,Professional Service,213
3304557005159,Transportation,5722
3304557005159,Wholesale,4995
3304557005160,Art/Culture,380
3304557005160,Business Support,3734
3304557005160,Construction,241
3304557005160,Corporate,53
3304557005160,Education,148
3304557005160,Financial,136
3304557005160,Health,12
3304557005160,Hospitality,4301
3304557005160,Information,94
3304557005160,Professional Service,173
3304557005160,Retail,1191
3304557005160,Transportation,122
3304557005160,Wholesale,148
3304557005161,Art/Culture,1166
3304557005161,Business Support,2758
3304557005161,Construction,1545
3304557005161,Corporate,70
3304557005161,Education,2861
3304557005161,Financial,2134
3304557005161,Health,1529
3304557005161,Hospitality,3865
3304557005161,Information,137
3304557005161,Manufacturing,323
3304557005161,Professional Service,1332
3304557005161,Real Estate,189
3304557005161,Retail,4709
3304557005161,Transportation,535
3304557005161,Wholesale,81
3304557005162,Art/Culture,2177
3304557005162,Business Support,15347
3304557005162,Construction,7105
3304557005162,Corporate,928
3304557005162,Education,5487
3304557005162,Energy,691
3304557005162,Financial,3621
3304557005162,Health,6292
3304557005162,Hospitality,8309
3304557005162,Information,9522
3304557005162,Manufacturing,2523
3304557005162,Professional Service,3561
3304557005162,Real Estate,1855
3304557005162,Retail,15739
3304557005162,Professional Service,43
3304557005162,Transportation,2338
3304557005162,Wholesale,6529
3304557005163,Art/Culture,193
3304557005163,Business Support,934
3304557005163,Construction,265
3304557005163,Corporate,524
3304557005163,Education,479
3304557005163,Energy,1653
3304557005163,Financial,1000
3304557005163,Health,603
3304557005163,Hospitality,1896
3304557005163,Information,810
3304557005163,Manufacturing,212
3304557005163,Professional Service,815
3304557005163,Real Estate,578
3304557005163,Retail,1020
3304557005163,Transportation,836
3304557005163,Wholesale,454
3304557005164,Art/Culture,243
3304557005164,Business Support,925
3304557005164,Construction,6
3304557005164,Corporate,42
3304557005164,Education,2143
3304557005164,Financial,165
3304557005164,Health,75
3304557005164,Hospitality,941
3304557005164,Information,7
3304557005164,Manufacturing,10
3304557005164,Professional Service,203
3304557005164,Retail,2858
3304557005164,Transportation,19
3304557005164,Wholesale,43
3304557005165,Art/Culture,246
3304557005165,Business Support,1318
3304557005165,Construction,849
3304557005165,Corporate,44
3304557005165,Education,822
3304557005165,Energy,79
3304557005165,Health,517
3304557005165,Hospitality,515
3304557005165,Information,1396
3304557005165,Manufacturing,675
3304557005165,Professional Service,397
3304557005165,Retail,1924
3304557005165,Transportation,918
3304557005165,Wholesale,617
3304557005166,Art/Culture,617
3304557005166,Business Support,11085
3304557005166,Construction,1880
3304557005166,Corporate,250
3304557005166,Education,1574
3304557005166,Energy,29
3304557005166,Financial,863
3304557005166,Health,1089
3304557005166,Hospitality,2378
3304557005166,Information,402
3304557005166,Manufacturing,481
3304557005166,Professional Service,1361
3304557005166,Real Estate,192
3304557005166,Retail,9529
3304557005166,Transportation,1115
3304557005166,Wholesale,744
3304557005167,Art/Culture,315
3304557005167,Business Support,2968
3304557005167,Construction,783
3304557005167,Corporate,113
3304557005167,Education,2633
3304557005167,Energy,6
3304557005167,Financial,13
3304557005167,Health,539
3304557005167,Hospitality,1874
3304557005167,Information,14
3304557005167,Manufacturing,108
3304557005167,Professional Service,644
3304557005167,Real Estate,153
3304557005167,Retail,1112
3304557005167,Transportation,114
3304557005167,Wholesale,187
3304557005168,Art/Culture,208
3304557005168,Business Support,2776
3304557005168,Construction,450
3304557005168,Education,3070
3304557005168,Health,184
3304557005168,Hospitality,767
3304557005168,Information,19
3304557005168,Manufacturing,32
3304557005168,Professional Service,108
3304557005168,Real Estate,111
3304557005168,Retail,1892
3304557005168,Transportation,586
3304557005169,Art/Culture,121
3304557005169,Business Support,847
3304557005169,Construction,315
3304557005169,Education,794
3304557005169,Financial,181
3304557005169,Health,94
3304557005169,Hospitality,696
3304557005169,Information,76
3304557005169,Manufacturing,499
3304557005169,Professional Service,113
3304557005169,Public Administration,397
3304557005169,Retail,2484
3304557005169,Transportation,616
3304557005169,Wholesale,120
3304557005170,Business Support,203
3304557005170,Construction,145
3304557005170,Education,237
3304557005170,Financial,13
3304557005170,Health,13
3304557005170,Hospitality,16
3304557005170,Manufacturing,112
3304557005170,Professional Service,120
3304557005170,Retail,396
3304557005170,Transportation,228
3304557005170,Wholesale,118
3304557005171,Art/Culture,58
3304557005171,Business Support,195
3304557005171,Construction,512
3304557005171,Education,147
3304557005171,Health,266
3304557005171,Hospitality,378
3304557005171,Information,24
3304557005171,Manufacturing,273
3304557005171,Professional Service,250
3304557005171,Retail,1302
3304557005171,Transportation,97
3304557005171,Wholesale,157
3304557005172,Art/Culture,71
3304557005172,Business Support,380
3304557005172,Construction,70
3304557005172,Corporate,43
3304557005172,Education,2519
3304557005172,Financial,85
3304557005172,Health,376
3304557005172,Hospitality,121
3304557005172,Information,98
3304557005172,Manufacturing,464
3304557005172,Professional Service,154
3304557005172,Retail,3544
3304557005172,Professional Service,6
3304557005172,Transportation,193
3304557005172,Wholesale,79
3304557005173,Business Support,147
3304557005173,Construction,19
3304557005173,Education,212
3304557005173,Health,19
3304557005173,Hospitality,85
3304557005173,Information,15
3304557005173,Manufacturing,35
3304557005173,Professional Service,6
3304557005173,Retail,478
3304557005173,Transportation,50
3304557005173,Wholesale,15
3304557005174,Business Support,16
3304557005174,Construction,66
3304557005174,Education,71
3304557005174,Health,9
3304557005174,Hospitality,77
3304557005174,Information,25
3304557005174,Manufacturing,42
3304557005174,Retail,82
3304557005175,Art/Culture,29
3304557005175,Business Support,39
3304557005175,Construction,104
3304557005175,Education,230
3304557005175,Health,23
3304557005175,Hospitality,6
3304557005175,Information,6
3304557005175,Manufacturing,17
3304557005175,Public Administration,355
3304557005175,Retail,325
3304557005175,Wholesale,8
3304557005176,Art/Culture,39
3304557005176,Business Support,497
3304557005176,Construction,199
3304557005176,Education,387
3304557005176,Health,12
3304557005176,Hospitality,180
3304557005176,Information,18
3304557005176,Manufacturing,60
3304557005176,Retail,392
3304557005176,Wholesale,45
3304557005177,Art/Culture,93
3304557005177,Business Support,335
3304557005177,Education,320
3304557005177,Financial,26
3304557005177,Hospitality,51
3304557005177,Manufacturing,1524
3304557005177,Professional Service,7
3304557005177,Retail,1786
3304557005177,Transportation,22
3304557005177,Wholesale,23
3304557005178,Art/Culture,37
3304557005178,Business Support,519
3304557005178,Construction,111
3304557005178,Corporate,9
3304557005178,Education,714
3304557005178,Financial,11
3304557005178,Health,555
3304557005178,Hospitality,546
3304557005178,Information,146
3304557005178,Manufacturing,225
3304557005178,Professional Service,76
3304557005178,Retail,1402
3304557005178,Transportation,154
3304557005178,Wholesale,106
3304557005179,Art/Culture,21
3304557005179,Business Support,949
3304557005179,Construction,79
3304557005179,Education,210
3304557005179,Hospitality,762
3304557005179,Manufacturing,302
3304557005179,Professional Service,186
3304557005179,Retail,1393
3304557005179,Transportation,893
3304557005179,Wholesale,1145
3304557005180,Business Support,826
3304557005180,Construction,84
3304557005180,Corporate,15
3304557005180,Education,444
3304557005180,Hospitality,74
3304557005180,Information,94
3304557005180,Manufacturing,49
3304557005180,Professional Service,33
3304557005180,Public Administration,3171
3304557005180,Retail,758
3304557005180,Transportation,198
3304557005180,Wholesale,39
3304557005181,Art/Culture,35
3304557005181,Business Support,292
3304557005181,Construction,376
3304557005181,Education,153
3304557005181,Health,80
3304557005181,Hospitality,220
3304557005181,Information,20
3304557005181,Manufacturing,652
3304557005181,Professional Service,108
3304557005181,Real Estate,10
3304557005181,Retail,608
3304557005181,Transportation,574
3304557005181,Wholesale,244
3304557005182,Business Support,73
3304557005182,Construction,107
3304557005182,Education,229
3304557005182,Health,16
3304557005182,Hospitality,24
3304557005182,Manufacturing,17
3304557005182,Professional Service,14
3304557005182,Retail,623
3304557005183,Art/Culture,75
3304557005183,Business Support,180
3304557005183,Construction,89
3304557005183,Corporate,7
3304557005183,Education,476
3304557005183,Financial,103
3304557005183,Health,57
3304557005183,Hospitality,43
3304557005183,Manufacturing,7
3304557005183,Professional Service,186
3304557005183,Retail,1201
3304557005183,Transportation,121
3304557005183,Wholesale,129
3304557005184,Art/Culture,143
3304557005184,Business Support,3113
3304557005184,Construction,111
3304557005184,Corporate,227
3304557005184,Education,1266
3304557005184,Energy,16
3304557005184,Financial,443
3304557005184,Health,4820
3304557005184,Hospitality,1662
3304557005184,Information,287
3304557005184,Manufacturing,274
3304557005184,Professional Service,304
3304557005184,Real Estate,8
3304557005184,Retail,6553
3304557005184,Transportation,298
3304557005184,Wholesale,135
3304557005185,Art/Culture,15
3304557005185,Business Support,452
3304557005185,Construction,108
3304557005185,Education,245
3304557005185,Energy,76
3304557005185,Financial,9
3304557005185,Health,16
3304557005185,Hospitality,73
3304557005185,Manufacturing,112
3304557005185,Professional Service,184
3304557005185,Retail,555
3304557005185,Wholesale,43
3304557005186,Business Support,109
3304557005186,Construction,10
3304557005186,Information,37
3304557005186,Retail,103
3304557005187,Art/Culture,32
3304557005187,Business Support,73
3304557005187,Construction,32
3304557005187,Education,378
3304557005187,Health,11
3304557005187,Hospitality,51
3304557005187,Manufacturing,167
3304557005187,Retail,577
3304557005187,Transportation,1117
3304557005187,Wholesale,35
3304557005188,Business Support,737
3304557005188,Construction,143
3304557005188,Education,107
3304557005188,Hospitality,33
3304557005188,Information,7
3304557005188,Manufacturing,35
3304557005188,Real Estate,10
3304557005188,Retail,413
3304557005188,Transportation,27
3304557005188,Wholesale,62
3304557005189,Business Support,625
3304557005189,Construction,530
3304557005189,Corporate,56
3304557005189,Education,586
3304557005189,Financial,7
3304557005189,Health,17
3304557005189,Hospitality,15
3304557005189,Information,19
3304557005189,Manufacturing,923
3304557005189,Professional Service,170
3304557005189,Retail,1311
3304557005189,Transportation,214
3304557005189,Wholesale,618
3304557005190,Art/Culture,46
3304557005190,Business Support,672
3304557005190,Construction,1691
3304557005190,Corporate,16
3304557005190,Education,102
3304557005190,Energy,28
3304557005190,Health,9
3304557005190,Hospitality,88
3304557005190,Information,23
3304557005190,Manufacturing,5765
3304557005190,Professional Service,1888
3304557005190,Public Administration,838
3304557005190,Retail,2487
3304557005190,Transportation,1214
3304557005190,Wholesale,767
3304557005191,Art/Culture,76
3304557005191,Business Support,398
3304557005191,Construction,54
3304557005191,Education,1016
3304557005191,Energy,213
3304557005191,Financial,123
3304557005191,Health,319
3304557005191,Hospitality,255
3304557005191,Information,19
3304557005191,Manufacturing,215
3304557005191,Professional Service,97
3304557005191,Real Estate,36
3304557005191,Retail,1278
3304557005191,Transportation,59
3304557005191,Wholesale,18
3304557005192,Art/Culture,64
3304557005192,Business Support,656
3304557005192,Construction,359
3304557005192,Education,333
3304557005192,Health,209
3304557005192,Hospitality,670
3304557005192,Information,61
3304557005192,Manufacturing,202
3304557005192,Professional Service,69
3304557005192,Real Estate,9
3304557005192,Retail,1285
3304557005192,Transportation,49
3304557005192,Wholesale,102
3304557005193,Business Support,252
3304557005193,Construction,189
3304557005193,Education,396
3304557005193,Hospitality,266
3304557005193,Information,40
3304557005193,Manufacturing,190
3304557005193,Real Estate,12
3304557005193,Retail,322
3304557005193,Wholesale,13
3304557005194,Art/Culture,102
3304557005194,Business Support,279
3304557005194,Construction,257
3304557005194,Corporate,43
3304557005194,Education,485
3304557005194,Financial,89
3304557005194,Health,18
3304557005194,Hospitality,244
3304557005194,Information,196
3304557005194,Manufacturing,1072
3304557005194,Professional Service,50
3304557005194,Retail,2580
3304557005194,Transportation,963
3304557005194,Wholesale,777
3304557005195,Art/Culture,87
3304557005195,Business Support,597
3304557005195,Construction,175
3304557005195,Education,331
3304557005195,Energy,73
3304557005195,Hospitality,197
3304557005195,Information,35
3304557005195,Manufacturing,149
3304557005195,Professional Service,27
3304557005195,Retail,592
3304557005195,Transportation,56
3304557005195,Wholesale,14
3304557005196,Business Support,777
3304557005196,Construction,499
3304557005196,Corporate,6
3304557005196,Education,794
3304557005196,Health,36
3304557005196,Hospitality,313
3304557005196,Manufacturing,126
3304557005196,Professional Service,168
3304557005196,Retail,1604
3304557005196,Transportation,121
3304557005196,Wholesale,78
3304557005197,Art/Culture,13
3304557005197,Business Support,446
3304557005197,Construction,227
3304557005197,Corporate,28
3304557005197,Education,1683
3304557005197,Financial,87
3304557005197,Health,1216
3304557005197,Hospitality,127
3304557005197,Information,6
3304557005197,Manufacturing,308
3304557005197,Professional Service,129
3304557005197,Real Estate,90
3304557005197,Retail,1698
3304557005197,Transportation,304
3304557005197,Wholesale,137
3304557005198,Business Support,727
3304557005198,Construction,460
3304557005198,Corporate,47
3304557005198,Education,1062
3304557005198,Financial,150
3304557005198,Health,244
3304557005198,Hospitality,161
3304557005198,Information,64
3304557005198,Manufacturing,1067
3304557005198,Professional Service,187
3304557005198,Real Estate,6
3304557005198,Retail,605
3304557005198,Transportation,489
3304557005198,Wholesale,35
3304557005199,Art/Culture,107
3304557005199,Business Support,2274
3304557005199,Construction,828
3304557005199,Corporate,28
3304557005199,Education,2503
3304557005199,Energy,400
3304557005199,Financial,764
3304557005199,Health,2146
3304557005199,Hospitality,1015
3304557005199,Information,246
3304557005199,Manufacturing,175
3304557005199,Professional Service,639
3304557005199,Real Estate,113
3304557005199,Retail,10231
3304557005199,Transportation,402
3304557005199,Wholesale,314
3304557005200,Art/Culture,29
3304557005200,Business Support,509
3304557005200,Construction,48
3304557005200,Education,845
3304557005200,Hospitality,341
3304557005200,Manufacturing,45
3304557005200,Professional Service,50
3304557005200,Retail,709
3304557005200,Transportation,402
3304557005200,Wholesale,71
